date,currency,base_currency,rate_to_base,retrieved_at,source
2025-07-30,GBP,EUR,1.1559799909591675,2026-07-27T09:21:34Z,yfinance
2025-07-31,GBP,EUR,1.1598700284957886,2026-07-27T09:21:34Z,yfinance
2025-08-01,GBP,EUR,1.1562399864196777,2026-07-27T09:21:34Z,yfinance
2025-08-04,GBP,EUR,1.1469299793243408,2026-07-27T09:21:34Z,yfinance
2025-08-05,GBP,EUR,1.147819995880127,2026-07-27T09:21:34Z,yfinance
2025-08-06,GBP,EUR,1.1484800577163696,2026-07-27T09:21:34Z,yfinance
2025-08-07,GBP,EUR,1.1452800035476685,2026-07-27T09:21:34Z,yfinance
2025-08-08,GBP,EUR,1.1519500017166138,2026-07-27T09:21:34Z,yfinance
2025-08-11,GBP,EUR,1.1541399955749512,2026-07-27T09:21:34Z,yfinance
2025-08-12,GBP,EUR,1.1563700437545776,2026-07-27T09:21:34Z,yfinance
2025-08-13,GBP,EUR,1.1563700437545776,2026-07-27T09:21:34Z,yfinance
2025-08-14,GBP,EUR,1.1597700119018555,2026-07-27T09:21:34Z,yfinance
2025-08-15,GBP,EUR,1.1612199544906616,2026-07-27T09:21:34Z,yfinance
2025-08-18,GBP,EUR,1.1578999757766724,2026-07-27T09:21:34Z,yfinance
2025-08-19,GBP,EUR,1.1576199531555176,2026-07-27T09:21:34Z,yfinance
2025-08-20,GBP,EUR,1.1583399772644043,2026-07-27T09:21:34Z,yfinance
2025-08-21,GBP,EUR,1.1556899547576904,2026-07-27T09:21:34Z,yfinance
2025-08-22,GBP,EUR,1.155419945716858,2026-07-27T09:21:34Z,yfinance
2025-08-25,GBP,EUR,1.1537699699401855,2026-07-27T09:21:34Z,yfinance
2025-08-26,GBP,EUR,1.1582399606704712,2026-07-27T09:21:34Z,yfinance
2025-08-27,GBP,EUR,1.1579500436782837,2026-07-27T09:21:34Z,yfinance
2025-08-28,GBP,EUR,1.1592600345611572,2026-07-27T09:21:34Z,yfinance
2025-08-29,GBP,EUR,1.1563999652862549,2026-07-27T09:21:34Z,yfinance
2025-09-01,GBP,EUR,1.1550300121307373,2026-07-27T09:21:34Z,yfinance
2025-09-02,GBP,EUR,1.1563199758529663,2026-07-27T09:21:34Z,yfinance
2025-09-03,GBP,EUR,1.15024995803833,2026-07-27T09:21:34Z,yfinance
2025-09-04,GBP,EUR,1.1526399850845337,2026-07-27T09:21:34Z,yfinance
2025-09-05,GBP,EUR,1.153249979019165,2026-07-27T09:21:34Z,yfinance
2025-09-08,GBP,EUR,1.151900053024292,2026-07-27T09:21:34Z,yfinance
2025-09-09,GBP,EUR,1.1514999866485596,2026-07-27T09:21:34Z,yfinance
2025-09-10,GBP,EUR,1.155210018157959,2026-07-27T09:21:34Z,yfinance
2025-09-11,GBP,EUR,1.1563899517059326,2026-07-27T09:21:34Z,yfinance
2025-09-12,GBP,EUR,1.1568900346755981,2026-07-27T09:21:34Z,yfinance
2025-09-15,GBP,EUR,1.1557300090789795,2026-07-27T09:21:34Z,yfinance
2025-09-16,GBP,EUR,1.15625,2026-07-27T09:21:34Z,yfinance
2025-09-17,GBP,EUR,1.1500699520111084,2026-07-27T09:21:34Z,yfinance
2025-09-18,GBP,EUR,1.1521999835968018,2026-07-27T09:21:34Z,yfinance
2025-09-19,GBP,EUR,1.1497600078582764,2026-07-27T09:21:34Z,yfinance
2025-09-22,GBP,EUR,1.1470999717712402,2026-07-27T09:21:34Z,yfinance
2025-09-23,GBP,EUR,1.1448999643325806,2026-07-27T09:21:34Z,yfinance
2025-09-24,GBP,EUR,1.144569993019104,2026-07-27T09:21:34Z,yfinance
2025-09-25,GBP,EUR,1.145359992980957,2026-07-27T09:21:34Z,yfinance
2025-09-26,GBP,EUR,1.1434099674224854,2026-07-27T09:21:34Z,yfinance
2025-09-29,GBP,EUR,1.1453499794006348,2026-07-27T09:21:34Z,yfinance
2025-09-30,GBP,EUR,1.145259976387024,2026-07-27T09:21:34Z,yfinance
2025-10-01,GBP,EUR,1.1450999975204468,2026-07-27T09:21:34Z,yfinance
2025-10-02,GBP,EUR,1.1487200260162354,2026-07-27T09:21:34Z,yfinance
2025-10-03,GBP,EUR,1.1467700004577637,2026-07-27T09:21:34Z,yfinance
2025-10-06,GBP,EUR,1.1468499898910522,2026-07-27T09:21:34Z,yfinance
2025-10-07,GBP,EUR,1.1514500379562378,2026-07-27T09:21:34Z,yfinance
2025-10-08,GBP,EUR,1.151479959487915,2026-07-27T09:21:34Z,yfinance
2025-10-09,GBP,EUR,1.1522599458694458,2026-07-27T09:21:34Z,yfinance
2025-10-10,GBP,EUR,1.1501799821853638,2026-07-27T09:21:34Z,yfinance
2025-10-13,GBP,EUR,1.149359941482544,2026-07-27T09:21:34Z,yfinance
2025-10-14,GBP,EUR,1.152609944343567,2026-07-27T09:21:34Z,yfinance
2025-10-15,GBP,EUR,1.1480400562286377,2026-07-27T09:21:34Z,yfinance
2025-10-16,GBP,EUR,1.1509000062942505,2026-07-27T09:21:34Z,yfinance
2025-10-17,GBP,EUR,1.1491700410842896,2026-07-27T09:21:34Z,yfinance
2025-10-20,GBP,EUR,1.151610016822815,2026-07-27T09:21:34Z,yfinance
2025-10-21,GBP,EUR,1.1511399745941162,2026-07-27T09:21:34Z,yfinance
2025-10-22,GBP,EUR,1.1520500183105469,2026-07-27T09:21:34Z,yfinance
2025-10-23,GBP,EUR,1.150089979171753,2026-07-27T09:21:34Z,yfinance
2025-10-24,GBP,EUR,1.1470600366592407,2026-07-27T09:21:34Z,yfinance
2025-10-27,GBP,EUR,1.1452900171279907,2026-07-27T09:21:34Z,yfinance
2025-10-28,GBP,EUR,1.1449099779129028,2026-07-27T09:21:34Z,yfinance
2025-10-29,GBP,EUR,1.138990044593811,2026-07-27T09:21:34Z,yfinance
2025-10-30,GBP,EUR,1.1368999481201172,2026-07-27T09:21:34Z,yfinance
2025-10-31,GBP,EUR,1.1370600461959839,2026-07-27T09:21:34Z,yfinance
2025-11-03,GBP,EUR,1.1392500400543213,2026-07-27T09:21:34Z,yfinance
2025-11-04,GBP,EUR,1.1402299404144287,2026-07-27T09:21:34Z,yfinance
2025-11-05,GBP,EUR,1.1333999633789062,2026-07-27T09:21:34Z,yfinance
2025-11-06,GBP,EUR,1.1352399587631226,2026-07-27T09:21:34Z,yfinance
2025-11-07,GBP,EUR,1.1377099752426147,2026-07-27T09:21:34Z,yfinance
2025-11-10,GBP,EUR,1.1383299827575684,2026-07-27T09:21:34Z,yfinance
2025-11-11,GBP,EUR,1.1397099494934082,2026-07-27T09:21:34Z,yfinance
2025-11-12,GBP,EUR,1.134600043296814,2026-07-27T09:21:34Z,yfinance
2025-11-13,GBP,EUR,1.1324299573898315,2026-07-27T09:21:34Z,yfinance
2025-11-14,GBP,EUR,1.1307400465011597,2026-07-27T09:21:34Z,yfinance
2025-11-17,GBP,EUR,1.1328699588775635,2026-07-27T09:21:34Z,yfinance
2025-11-18,GBP,EUR,1.1349600553512573,2026-07-27T09:21:34Z,yfinance
2025-11-19,GBP,EUR,1.1351900100708008,2026-07-27T09:21:34Z,yfinance
2025-11-20,GBP,EUR,1.131600022315979,2026-07-27T09:21:34Z,yfinance
2025-11-21,GBP,EUR,1.1343499422073364,2026-07-27T09:21:34Z,yfinance
2025-11-24,GBP,EUR,1.138010025024414,2026-07-27T09:21:34Z,yfinance
2025-11-25,GBP,EUR,1.1376299858093262,2026-07-27T09:21:34Z,yfinance
2025-11-26,GBP,EUR,1.137719988822937,2026-07-27T09:21:34Z,yfinance
2025-11-27,GBP,EUR,1.1415499448776245,2026-07-27T09:21:34Z,yfinance
2025-11-28,GBP,EUR,1.1414300203323364,2026-07-27T09:21:34Z,yfinance
2025-12-01,GBP,EUR,1.1411199569702148,2026-07-27T09:21:34Z,yfinance
2025-12-02,GBP,EUR,1.1379400491714478,2026-07-27T09:21:34Z,yfinance
2025-12-03,GBP,EUR,1.1363999843597412,2026-07-27T09:21:34Z,yfinance
2025-12-04,GBP,EUR,1.1435999870300293,2026-07-27T09:21:34Z,yfinance
2025-12-05,GBP,EUR,1.1441199779510498,2026-07-27T09:21:34Z,yfinance
2025-12-08,GBP,EUR,1.1446499824523926,2026-07-27T09:21:34Z,yfinance
2025-12-09,GBP,EUR,1.1445000171661377,2026-07-27T09:21:34Z,yfinance
2025-12-10,GBP,EUR,1.1439800262451172,2026-07-27T09:21:34Z,yfinance
2025-12-11,GBP,EUR,1.1439000368118286,2026-07-27T09:21:34Z,yfinance
2025-12-12,GBP,EUR,1.1406999826431274,2026-07-27T09:21:34Z,yfinance
2025-12-15,GBP,EUR,1.1387900114059448,2026-07-27T09:21:34Z,yfinance
2025-12-16,GBP,EUR,1.138200044631958,2026-07-27T09:21:34Z,yfinance
2025-12-17,GBP,EUR,1.1425399780273438,2026-07-27T09:21:34Z,yfinance
2025-12-18,GBP,EUR,1.1389100551605225,2026-07-27T09:21:34Z,yfinance
2025-12-19,GBP,EUR,1.141450047492981,2026-07-27T09:21:34Z,yfinance
2025-12-22,GBP,EUR,1.1423499584197998,2026-07-27T09:21:34Z,yfinance
2025-12-23,GBP,EUR,1.1446000337600708,2026-07-27T09:21:34Z,yfinance
2025-12-24,GBP,EUR,1.145400047302246,2026-07-27T09:21:34Z,yfinance
2025-12-25,GBP,EUR,1.145799994468689,2026-07-27T09:21:34Z,yfinance
2025-12-26,GBP,EUR,1.1461700201034546,2026-07-27T09:21:34Z,yfinance
2025-12-29,GBP,EUR,1.1463700532913208,2026-07-27T09:21:34Z,yfinance
2025-12-30,GBP,EUR,1.147439956665039,2026-07-27T09:21:34Z,yfinance
2025-12-31,GBP,EUR,1.1462299823760986,2026-07-27T09:21:34Z,yfinance
2026-01-01,GBP,EUR,1.1461999416351318,2026-07-27T09:21:34Z,yfinance
2026-01-02,GBP,EUR,1.1465400457382202,2026-07-27T09:21:34Z,yfinance
2026-01-05,GBP,EUR,1.1480300426483154,2026-07-27T09:21:34Z,yfinance
2026-01-06,GBP,EUR,1.15516996383667,2026-07-27T09:21:34Z,yfinance
2026-01-07,GBP,EUR,1.1549700498580933,2026-07-27T09:21:34Z,yfinance
2026-01-08,GBP,EUR,1.152519941329956,2026-07-27T09:21:34Z,yfinance
2026-01-09,GBP,EUR,1.1524699926376343,2026-07-27T09:21:34Z,yfinance
2026-01-12,GBP,EUR,1.1522300243377686,2026-07-27T09:21:34Z,yfinance
2026-01-13,GBP,EUR,1.1538000106811523,2026-07-27T09:21:34Z,yfinance
2026-01-14,GBP,EUR,1.1531100273132324,2026-07-27T09:21:34Z,yfinance
2026-01-15,GBP,EUR,1.1540600061416626,2026-07-27T09:21:34Z,yfinance
2026-01-16,GBP,EUR,1.152400016784668,2026-07-27T09:21:34Z,yfinance
2026-01-19,GBP,EUR,1.1528700590133667,2026-07-27T09:21:34Z,yfinance
2026-01-20,GBP,EUR,1.1526000499725342,2026-07-27T09:21:34Z,yfinance
2026-01-21,GBP,EUR,1.1459699869155884,2026-07-27T09:21:34Z,yfinance
2026-01-22,GBP,EUR,1.1495000123977661,2026-07-27T09:21:34Z,yfinance
2026-01-23,GBP,EUR,1.1484899520874023,2026-07-27T09:21:34Z,yfinance
2026-01-26,GBP,EUR,1.1520400047302246,2026-07-27T09:21:34Z,yfinance
2026-01-27,GBP,EUR,1.1515799760818481,2026-07-27T09:21:34Z,yfinance
2026-01-28,GBP,EUR,1.15024995803833,2026-07-27T09:21:34Z,yfinance
2026-01-29,GBP,EUR,1.1541600227355957,2026-07-27T09:21:34Z,yfinance
2026-01-30,GBP,EUR,1.1536999940872192,2026-07-27T09:21:34Z,yfinance
2026-02-02,GBP,EUR,1.1542999744415283,2026-07-27T09:21:34Z,yfinance
2026-02-03,GBP,EUR,1.1587799787521362,2026-07-27T09:21:34Z,yfinance
2026-02-04,GBP,EUR,1.1591399908065796,2026-07-27T09:21:34Z,yfinance
2026-02-05,GBP,EUR,1.1560200452804565,2026-07-27T09:21:34Z,yfinance
2026-02-06,GBP,EUR,1.148010015487671,2026-07-27T09:21:34Z,yfinance
2026-02-09,GBP,EUR,1.1506999731063843,2026-07-27T09:21:34Z,yfinance
2026-02-10,GBP,EUR,1.149359941482544,2026-07-27T09:21:34Z,yfinance
2026-02-11,GBP,EUR,1.1467100381851196,2026-07-27T09:21:34Z,yfinance
2026-02-12,GBP,EUR,1.1470600366592407,2026-07-27T09:21:34Z,yfinance
2026-02-13,GBP,EUR,1.1473599672317505,2026-07-27T09:21:34Z,yfinance
2026-02-16,GBP,EUR,1.1499500274658203,2026-07-27T09:21:34Z,yfinance
2026-02-17,GBP,EUR,1.1499099731445312,2026-07-27T09:21:34Z,yfinance
2026-02-18,GBP,EUR,1.1444200277328491,2026-07-27T09:21:34Z,yfinance
2026-02-19,GBP,EUR,1.1446900367736816,2026-07-27T09:21:34Z,yfinance
2026-02-20,GBP,EUR,1.1437100172042847,2026-07-27T09:21:34Z,yfinance
2026-02-23,GBP,EUR,1.1434500217437744,2026-07-27T09:21:34Z,yfinance
2026-02-24,GBP,EUR,1.1443400382995605,2026-07-27T09:21:34Z,yfinance
2026-02-25,GBP,EUR,1.1460000276565552,2026-07-27T09:21:34Z,yfinance
2026-02-26,GBP,EUR,1.147439956665039,2026-07-27T09:21:34Z,yfinance
2026-02-27,GBP,EUR,1.1429599523544312,2026-07-27T09:21:34Z,yfinance
2026-03-02,GBP,EUR,1.1399799585342407,2026-07-27T09:21:34Z,yfinance
2026-03-03,GBP,EUR,1.1464899778366089,2026-07-27T09:21:34Z,yfinance
2026-03-04,GBP,EUR,1.1498299837112427,2026-07-27T09:21:34Z,yfinance
2026-03-05,GBP,EUR,1.1489299535751343,2026-07-27T09:21:34Z,yfinance
2026-03-06,GBP,EUR,1.1506199836730957,2026-07-27T09:21:34Z,yfinance
2026-03-09,GBP,EUR,1.1542099714279175,2026-07-27T09:21:34Z,yfinance
2026-03-10,GBP,EUR,1.1554700136184692,2026-07-27T09:21:34Z,yfinance
2026-03-11,GBP,EUR,1.1556199789047241,2026-07-27T09:21:34Z,yfinance
2026-03-12,GBP,EUR,1.15910005569458,2026-07-27T09:21:34Z,yfinance
2026-03-13,GBP,EUR,1.1588200330734253,2026-07-27T09:21:34Z,yfinance
2026-03-16,GBP,EUR,1.1583600044250488,2026-07-27T09:21:34Z,yfinance
2026-03-17,GBP,EUR,1.1577399969100952,2026-07-27T09:21:34Z,yfinance
2026-03-18,GBP,EUR,1.1575299501419067,2026-07-27T09:21:34Z,yfinance
2026-03-19,GBP,EUR,1.1570099592208862,2026-07-27T09:21:34Z,yfinance
2026-03-20,GBP,EUR,1.1595699787139893,2026-07-27T09:21:34Z,yfinance
2026-03-23,GBP,EUR,1.1531200408935547,2026-07-27T09:21:34Z,yfinance
2026-03-24,GBP,EUR,1.1564899682998657,2026-07-27T09:21:34Z,yfinance
2026-03-25,GBP,EUR,1.155060052871704,2026-07-27T09:21:34Z,yfinance
2026-03-26,GBP,EUR,1.1557899713516235,2026-07-27T09:21:34Z,yfinance
2026-03-27,GBP,EUR,1.1557999849319458,2026-07-27T09:21:34Z,yfinance
2026-03-30,GBP,EUR,1.1513999700546265,2026-07-27T09:21:34Z,yfinance
2026-03-31,GBP,EUR,1.1497100591659546,2026-07-27T09:21:34Z,yfinance
2026-04-01,GBP,EUR,1.1442099809646606,2026-07-27T09:21:34Z,yfinance
2026-04-02,GBP,EUR,1.1476500034332275,2026-07-27T09:21:34Z,yfinance
2026-04-03,GBP,EUR,1.1462299823760986,2026-07-27T09:21:34Z,yfinance
2026-04-06,GBP,EUR,1.1455899477005005,2026-07-27T09:21:34Z,yfinance
2026-04-07,GBP,EUR,1.146630048751831,2026-07-27T09:21:34Z,yfinance
2026-04-08,GBP,EUR,1.1467000246047974,2026-07-27T09:21:34Z,yfinance
2026-04-09,GBP,EUR,1.148650050163269,2026-07-27T09:21:34Z,yfinance
2026-04-10,GBP,EUR,1.148669958114624,2026-07-27T09:21:34Z,yfinance
2026-04-13,GBP,EUR,1.1471999883651733,2026-07-27T09:21:34Z,yfinance
2026-04-14,GBP,EUR,1.1485899686813354,2026-07-27T09:21:34Z,yfinance
2026-04-15,GBP,EUR,1.1505199670791626,2026-07-27T09:21:34Z,yfinance
2026-04-16,GBP,EUR,1.1492999792099,2026-07-27T09:21:34Z,yfinance
2026-04-17,GBP,EUR,1.1478999853134155,2026-07-27T09:21:34Z,yfinance
2026-04-20,GBP,EUR,1.1484299898147583,2026-07-27T09:21:34Z,yfinance
2026-04-21,GBP,EUR,1.1481800079345703,2026-07-27T09:21:34Z,yfinance
2026-04-22,GBP,EUR,1.15024995803833,2026-07-27T09:21:34Z,yfinance
2026-04-23,GBP,EUR,1.1532200574874878,2026-07-27T09:21:34Z,yfinance
2026-04-24,GBP,EUR,1.1524900197982788,2026-07-27T09:21:34Z,yfinance
2026-04-27,GBP,EUR,1.1541999578475952,2026-07-27T09:21:34Z,yfinance
2026-04-28,GBP,EUR,1.1545000076293945,2026-07-27T09:21:34Z,yfinance
2026-04-29,GBP,EUR,1.1541099548339844,2026-07-27T09:21:34Z,yfinance
2026-04-30,GBP,EUR,1.1540000438690186,2026-07-27T09:21:34Z,yfinance
2026-05-01,GBP,EUR,1.159690022468567,2026-07-27T09:21:34Z,yfinance
2026-05-04,GBP,EUR,1.1581599712371826,2026-07-27T09:21:34Z,yfinance
2026-05-05,GBP,EUR,1.1572699546813965,2026-07-27T09:21:34Z,yfinance
2026-05-06,GBP,EUR,1.1581000089645386,2026-07-27T09:21:34Z,yfinance
2026-05-07,GBP,EUR,1.1569499969482422,2026-07-27T09:21:34Z,yfinance
2026-05-08,GBP,EUR,1.1555299758911133,2026-07-27T09:21:34Z,yfinance
2026-05-11,GBP,EUR,1.1552200317382812,2026-07-27T09:21:34Z,yfinance
2026-05-12,GBP,EUR,1.154960036277771,2026-07-27T09:21:34Z,yfinance
2026-05-13,GBP,EUR,1.1531000137329102,2026-07-27T09:21:34Z,yfinance
2026-05-14,GBP,EUR,1.1544899940490723,2026-07-27T09:21:34Z,yfinance
2026-05-15,GBP,EUR,1.148210048675537,2026-07-27T09:21:34Z,yfinance
2026-05-18,GBP,EUR,1.1459699869155884,2026-07-27T09:21:34Z,yfinance
2026-05-19,GBP,EUR,1.1520999670028687,2026-07-27T09:21:34Z,yfinance
2026-05-20,GBP,EUR,1.1540700197219849,2026-07-27T09:21:34Z,yfinance
2026-05-21,GBP,EUR,1.15556001663208,2026-07-27T09:21:34Z,yfinance
2026-05-22,GBP,EUR,1.1561100482940674,2026-07-27T09:21:34Z,yfinance
2026-05-25,GBP,EUR,1.1579500436782837,2026-07-27T09:21:34Z,yfinance
2026-05-26,GBP,EUR,1.159809947013855,2026-07-27T09:21:34Z,yfinance
2026-05-27,GBP,EUR,1.156209945678711,2026-07-27T09:21:34Z,yfinance
2026-05-28,GBP,EUR,1.1547499895095825,2026-07-27T09:21:34Z,yfinance
2026-05-29,GBP,EUR,1.1537100076675415,2026-07-27T09:21:34Z,yfinance
2026-06-01,GBP,EUR,1.1546900272369385,2026-07-27T09:21:34Z,yfinance
2026-06-02,GBP,EUR,1.1567599773406982,2026-07-27T09:21:34Z,yfinance
2026-06-03,GBP,EUR,1.1575900316238403,2026-07-27T09:21:34Z,yfinance
2026-06-04,GBP,EUR,1.1565099954605103,2026-07-27T09:21:34Z,yfinance
2026-06-05,GBP,EUR,1.1558400392532349,2026-07-27T09:21:34Z,yfinance
2026-06-08,GBP,EUR,1.1572999954223633,2026-07-27T09:21:34Z,yfinance
2026-06-09,GBP,EUR,1.1565699577331543,2026-07-27T09:21:34Z,yfinance
2026-06-10,GBP,EUR,1.1591700315475464,2026-07-27T09:21:34Z,yfinance
2026-06-11,GBP,EUR,1.1582800149917603,2026-07-27T09:21:34Z,yfinance
2026-06-12,GBP,EUR,1.1584999561309814,2026-07-27T09:21:34Z,yfinance
2026-06-15,GBP,EUR,1.15910005569458,2026-07-27T09:21:34Z,yfinance
2026-06-16,GBP,EUR,1.157289981842041,2026-07-27T09:21:34Z,yfinance
2026-06-17,GBP,EUR,1.1563400030136108,2026-07-27T09:21:34Z,yfinance
2026-06-18,GBP,EUR,1.1558500528335571,2026-07-27T09:21:34Z,yfinance
2026-06-19,GBP,EUR,1.1520999670028687,2026-07-27T09:21:34Z,yfinance
2026-06-22,GBP,EUR,1.1520999670028687,2026-07-27T09:21:34Z,yfinance
2026-06-23,GBP,EUR,1.1592199802398682,2026-07-27T09:21:34Z,yfinance
2026-06-24,GBP,EUR,1.159600019454956,2026-07-27T09:21:34Z,yfinance
2026-06-25,GBP,EUR,1.1591999530792236,2026-07-27T09:21:34Z,yfinance
2026-06-26,GBP,EUR,1.1606700420379639,2026-07-27T09:21:34Z,yfinance
2026-06-29,GBP,EUR,1.15910005569458,2026-07-27T09:21:34Z,yfinance
2026-06-30,GBP,EUR,1.1605900526046753,2026-07-27T09:21:34Z,yfinance
2026-07-01,GBP,EUR,1.1609200239181519,2026-07-27T09:21:34Z,yfinance
2026-07-02,GBP,EUR,1.1670299768447876,2026-07-27T09:21:34Z,yfinance
2026-07-03,GBP,EUR,1.1676700115203857,2026-07-27T09:21:34Z,yfinance
2026-07-06,GBP,EUR,1.1674599647521973,2026-07-27T09:21:34Z,yfinance
2026-07-07,GBP,EUR,1.1706199645996094,2026-07-27T09:21:34Z,yfinance
2026-07-08,GBP,EUR,1.17044997215271,2026-07-27T09:21:34Z,yfinance
2026-07-09,GBP,EUR,1.1721999645233154,2026-07-27T09:21:34Z,yfinance
2026-07-10,GBP,EUR,1.1728999614715576,2026-07-27T09:21:34Z,yfinance
2026-07-13,GBP,EUR,1.1737699508666992,2026-07-27T09:21:34Z,yfinance
2026-07-14,GBP,EUR,1.1726100444793701,2026-07-27T09:21:34Z,yfinance
2026-07-15,GBP,EUR,1.1725900173187256,2026-07-27T09:21:34Z,yfinance
2026-07-16,GBP,EUR,1.180340051651001,2026-07-27T09:21:34Z,yfinance
2026-07-17,GBP,EUR,1.1775000095367432,2026-07-27T09:21:34Z,yfinance
2026-07-20,GBP,EUR,1.1765300035476685,2026-07-27T09:21:34Z,yfinance
2026-07-21,GBP,EUR,1.1765999794006348,2026-07-27T09:21:34Z,yfinance
2026-07-22,GBP,EUR,1.1732699871063232,2026-07-27T09:21:34Z,yfinance
2026-07-23,GBP,EUR,1.1720000505447388,2026-07-27T09:21:34Z,yfinance
2026-07-24,GBP,EUR,1.1700999736785889,2026-07-27T09:21:34Z,yfinance
2026-07-27,GBP,EUR,1.1713000535964966,2026-07-28T09:44:43Z,yfinance
2026-07-28,GBP,EUR,1.168869972229004,2026-07-29T16:55:24Z,yfinance
2026-07-29,GBP,EUR,1.1668699979782104,2026-07-30T00:16:50Z,yfinance
2026-07-30,GBP,EUR,1.1650999784469604,2026-07-30T00:16:50Z,yfinance
