date,adjusted_open,adjusted_high,adjusted_low,adjusted_close,volume,observation_count,sma_20,sma_50,sma_200,rsi_14,bollinger_mid,bollinger_upper,bollinger_lower,macd,macd_signal,macd_histogram,return_1d,return_5d,return_20d,volume_zscore,volatility_20d,trigger_state
2026-06-12,150,176.52000427,149.33999634,160.94999695,519234800,1,,,,,,,,,,,,,,,,
2026-06-15,171.74000549,193,168.3500061,192.5,256226600,2,,,,,,,,,,,0.19602363,,,,,
2026-06-16,200.50999451,225.63999939,199.97999573,211.38999939,195401600,3,,,,,,,,,,,0.09812987,,,,,
2026-06-17,209.83999634,213.80000305,187.00999451,191.82000732,201719500,4,,,,,,,,,,,-0.09257766,,,,,
2026-06-18,188.38999939,190,172.11000061,185,272126800,5,,,,,,,,,,,-0.0355542,,,,,
2026-06-22,176.03999329,176.75,154,154.6000061,169183800,6,,,,,,,,,,,-0.16432429,-0.03945319,,,,
2026-06-23,151.05999756,165.5,147.11000061,156.11000061,155848100,7,,,,,,,,,,,0.00976711,-0.18903896,,,,
2026-06-24,154.19999695,159.86000061,150.72000122,154.53999329,76101500,8,,,,,,,,,,,-0.01005706,-0.26893423,,,,
2026-06-25,156.63000488,160.6499939,150,153,62212400,9,,,,,,,,,,,-0.00996501,-0.20237726,,,,
2026-06-26,150.61999512,158.3999939,148.50999451,153.22999573,126932900,10,,,,,,,,,,,0.00150324,-0.17172975,,,,
2026-06-29,157.36000061,166.16999817,151.74000549,164.19000244,81443100,11,,,,,,,,,,,0.07152651,0.06203102,,,,
2026-06-30,163.38000488,172.3999939,161.63999939,170.86000061,82047500,12,,,,,,,,,,,0.04062366,0.09448466,,,,
2026-07-01,171.57000732,171.74000549,155,157.53999329,109317600,13,,,,,,,,,,,-0.07795861,0.01941245,,,,
2026-07-02,159.72999573,162.16000366,155.88000488,162,61257100,14,,,,,,,,,,,0.02831031,0.05882353,,,,
2026-07-06,165.94999695,167.8999939,155.03999329,160.41999817,188831300,15,,,,49.82223158,,,,,,,-0.0097531,0.04692294,,,,
2026-07-07,158.91999817,159.30000305,148.86000061,149.47000122,83779700,16,,,,46.16992226,,,,,,,-0.0682583,-0.08965224,,,,
2026-07-08,152.55000305,152.92999268,145.19999695,148.30000305,60949400,17,,,,45.78372308,,,,,,,-0.00782765,-0.13203791,,,,
2026-07-09,150.44999695,153.5,147.58999634,152.16000366,46468600,18,,,,47.34849089,,,,,,,0.02602832,-0.03414999,,,,
2026-07-10,150.13000488,150.57000732,145.07000732,145.30000305,46826000,19,,,,44.86994365,,,,,,,-0.04508412,-0.1030864,,,,
2026-07-13,144.69999695,144.91999817,136.77999878,139.13999939,71456500,20,163.12600021,,,42.7080122,163.12600021,198.94578848,127.30621195,,,,-0.04239507,-0.13265178,,-0.65551209,,
2026-07-14,140.94999695,143.33000183,135.52000427,136.08000183,46694800,21,161.88250046,,,41.6348432,161.88250046,199.59486279,124.17013813,,,,-0.02199222,-0.08958319,-0.15452001,-1.04565141,1.16650154,
2026-07-15,137.50999451,139.33999634,132.1499939,135.27000427,58040900,22,159.02100067,,,41.33872632,159.02100067,195.67653618,122.36546516,,,,-0.00595236,-0.08786243,-0.29729868,-0.81474486,0.90683158,
2026-07-16,135.00999451,137.75999451,130.74000549,131.11000061,58725600,23,155.00700073,,,39.77413241,155.00700073,184.78084632,125.23315515,,,,-0.03075333,-0.13834124,-0.37977198,-0.72214274,0.80695648,
2026-07-17,127.43000031,130.33000183,122.12000275,123.98999786,83706200,24,151.61550026,,,37.18037452,151.61550026,179.21702525,124.01397527,,,,-0.05430557,-0.14666211,-0.3536128,-0.23471577,0.77515746,bollinger_below_lower
2026-07-20,125.29000092,125.69999695,119.68000031,119.84999847,57337300,25,148.35800018,,,35.72167663,148.35800018,174.78343132,121.93256904,,,,-0.03338979,-0.13863735,-0.35216217,-0.70655954,0.77465757,bollinger_below_lower
2026-07-21,122.11000061,129.88000488,120.36000061,123.54000092,79718100,26,146.80499992,,,38.05445113,146.80499992,175.16077996,118.44921989,,,,0.03078851,-0.09215168,-0.20090559,-0.05949491,0.58924284,
2026-07-22,123.29000092,124.76999664,115.19000244,115.26000214,92731800,27,144.7625,,,34.98618446,144.7625,175.89228971,113.63271029,,,,-0.06702282,-0.14792638,-0.26167445,0.43242733,0.61534895,
2026-07-23,115.20999908,118.55000305,110.84999847,118.23999786,75246500,28,142.94750023,,,36.95633383,142.94750023,175.77211995,110.12288051,,,,0.02585455,-0.09816187,-0.23489062,-0.1062082,0.63081532,
2026-07-24,116.01000214,117,111.40000153,115.06999969,56786100,29,141.05100021,,,35.7164256,141.05100021,175.66731526,106.43468517,,,,-0.02680986,-0.07194127,-0.2479085,-0.66457431,0.63265152,
2026-07-27,113.5,114.84999847,108.66000366,113.5,64540700,30,139.06450043,,,35.08852484,139.06450043,175.18444613,102.94455472,,,,-0.01364387,-0.05298288,-0.25928341,-0.35051589,0.63033893,
2026-07-28,109.31999969,118.12999725,107.01000214,116.41000366,81714300,31,136.67550049,,,37.2891416,136.67550049,172.14673206,101.20426891,,,,0.0256388,-0.05771408,-0.29100431,0.20875152,0.56878425,
2026-07-29,114.40000153,117.58999634,110.34999847,112.55000305,53995200,32,133.76000061,,,35.56669801,133.76000061,167.03010171,100.48989951,,,,-0.03315867,-0.02351205,-0.34127354,-0.64261323,0.53165997,
2026-07-30,115.13999939,118.93000031,111.34999847,112.19999695,56008000,33,131.49300079,,,35.40699079,131.49300079,164.14589677,98.84010482,,,,-0.00310978,-0.05108255,-0.28779991,-0.50600374,0.49046943,
2026-07-31,113.09999847,113.63999939,107.56999969,108.37000275,58835700,34,128.81150093,,,33.62755044,128.81150093,159.76709908,97.85590278,-16.19654405,-16.78352432,0.58698026,-0.03413542,-0.0582254,-0.33104937,-0.40744518,0.4658014,
2026-08-03,106.40000153,114.91999817,104.83000183,114.52999878,70524000,35,126.51700096,,,38.94251448,126.51700096,154.41257369,98.62142823,-15.41654122,-16.5101277,1.09358648,0.05684226,0.00907488,-0.28606159,0.39522972,0.53512077,
2026-08-04,117.33000183,126.70999908,115.72000122,125.33000183,144130100,36,125.31000099,,,46.96169917,125.31000099,151.14117075,99.47883123,-13.76820211,-15.96174258,2.19354047,0.09429846,0.0766257,-0.16150398,3.5153514,0.62380736,volume_anomaly
2026-08-05,112.37000275,117.5,106.66000366,108.26999664,208488400,37,123.30850067,,,38.38544176,123.30850067,147.87656181,98.74043954,-13.68077783,-15.50554963,1.8247718,-0.13612068,-0.0380276,-0.26992586,3.56060672,0.76522732,volume_anomaly
2026-08-06,107.08999634,115.75,105.11000061,114.91999817,255176600,38,121.4465004,,,42.77261868,121.4465004,142.35853037,100.53447042,-12.92589228,-14.98961816,2.06372588,0.06142054,0.02424244,-0.24474241,3.16609041,0.79789896,volume_anomaly
2026-08-07,114.97000122,133.47999573,114.52999878,133.11000061,242130700,39,120.83700027,,,52.69478544,120.83700027,139.52487243,102.14912812,-10.73609979,-14.13891449,3.4028147,0.15828405,0.22829194,-0.0838954,2.34314227,0.98259473,volume_anomaly
2026-08-10,134.94999695,139.25999451,130.16999817,138.74000549,169934300,40,120.81700058,,,55.27926037,120.81700058,139.42717333,102.20682783,-8.44898449,-13.00092849,4.551944,0.04229588,0.21138572,-0.00287476,1.07813201,0.9829381,
2026-08-11,138.66000366,139.97999573,130.5,133.28999329,108900600,41,120.67750015,,,52.30045478,120.67750015,138.86496716,102.49003315,-6.99555912,-11.79985461,4.80429549,-0.0392822,0.06351226,-0.02050271,0.08043176,0.98999543,
2026-08-12,135.05000305,149.6000061,134.00999451,146.1499939,167236400,42,121.22149963,,,58.04542125,121.22149963,141.63672843,100.80627084,-4.75124507,-10.39013271,5.63888763,0.09648137,0.34986606,0.08043165,0.91216765,1.04308851,bollinger_above_upper
2026-08-13,143.75,145.05000305,139.75999451,141.28999329,120282200,43,121.73049927,,,55.33311695,121.73049927,143.56482182,99.89617672,-3.32642648,-8.97739146,5.65096498,-0.03325351,0.22946394,0.07764467,0.12661629,1.04423402,
2026-08-14,142.8999939,144.02000427,135.5,140,96727800,44,122.53099937,,,54.60377876,122.53099937,145.76692639,99.29507236,-2.27511307,-7.63693578,5.36182271,-0.00913011,0.0517617,0.12912334,-0.26177599,1.02290408,
2026-08-17,139.97999573,149.80000305,139.58000183,146.22999573,116675400,45,123.84999924,,,57.51618724,123.84999924,149.22400551,98.47599297,-0.92852755,-6.29525414,5.36672659,0.04449997,0.0539858,0.22010845,0.01126469,1.01854414,
2026-08-18,140.72999573,146.46000671,139.41000366,143.33999634,84191000,46,124.83999901,,,55.73004253,124.83999901,151.59579415,98.08420387,-0.09347015,-5.05489734,4.96142719,-0.01976338,0.07539953,0.16027194,-0.52671388,1.02182858,
2026-08-19,144.96000671,145.00999451,136.72000122,139.6499939,76612300,47,126.0594986,,,53.44775877,126.0594986,153.17841779,98.9405794,0.26748312,-3.99042125,4.25790437,-0.02574301,-0.04447486,0.21160846,-0.63382664,0.99243042,
2026-08-20,137.28999329,137.88000488,130.38999939,134,119813200,48,126.8474987,,,50.06682748,126.8474987,153.92762787,99.76736953,0.09652126,-3.17303274,3.26955401,-0.04045825,-0.05159596,0.13328825,0.035994,1.00682145,
2026-08-21,134.32000732,137.3500061,131.22000122,136.97000122,78808300,49,127.94249878,,,51.7931001,127.94249878,154.79931188,101.08568568,0.1984,-2.4987462,2.6971462,0.02216419,-0.02164285,0.19031895,-0.67007263,0.99956029,
2026-08-24,134.36000061,138.33000183,133.1000061,135,60188400,50,129.01749878,141.49559967,,50.54487784,129.01749878,155.18829205,102.84670551,0.11880746,-1.97523546,2.09404293,-0.01438272,-0.0767968,0.18942731,-0.97554237,0.99979032,
2026-08-25,136.94000244,139.75,136.1000061,137.94999695,53075000,51,130.09449844,141.03559967,,52.39504895,130.09449844,155.87120936,104.31778753,0.2904221,-1.52210395,1.81252605,0.02185183,-0.0376029,0.18503559,-1.04958003,0.99916153,
2026-08-26,137,140.17999268,135.1000061,139.63000488,61380500,52,131.44849854,139.97819977,,53.46281276,131.44849854,156.22205043,106.67494664,0.55558608,-1.10656594,1.66215203,0.01217838,-0.00014314,0.24060419,-0.92493957,0.98644335,
2026-08-27,139.99000549,142.05999756,138.6000061,140.86999512,55268800,53,132.88199844,138.56779968,,54.27796779,132.88199844,156.31618591,109.44781098,0.85592078,-0.7140686,1.56998938,0.00888054,0.05126862,0.25552584,-1.02450325,0.9848859,
2026-08-28,139.83000183,143.28999329,137.8999939,141.5,55111200,54,134.53849831,137.56139954,,54.71201149,134.53849831,155.34406436,113.73293226,1.13172845,-0.34490919,1.47663764,0.00447224,0.03307293,0.30571188,-1.02091821,0.9703847,
2026-08-31,140.08000183,144.13999939,139.88000488,143.69000244,63145000,55,135.99649849,136.73519958,,56.26622354,135.99649849,154.9978278,116.99516918,1.50962095,0.02599684,1.48362411,0.01547705,0.06437039,0.25460581,-0.87844125,0.95854057,
2026-09-01,141.86999512,145.22999573,141.16999817,142.22999573,53808100,56,136.84149818,136.48779938,,54.91321953,136.84149818,155.36744984,118.31554652,1.67201914,0.3552013,1.31681784,-0.01016081,0.03102573,0.13484396,-0.93969361,0.91430546,
2026-09-02,142.67999268,143.1000061,138.16999817,140.71000671,49903700,57,138.46349869,136.1797995,,53.471619,138.46349869,151.59416028,125.33283709,1.65894715,0.61595047,1.04299668,-0.01068684,0.00773474,0.29962142,-0.9148538,0.75417247,
2026-09-03,141.36099243,152.30000305,141.05000305,149.74000549,120960430,58,140.20449905,136.08379974,,60.16261504,140.20449905,148.85681566,131.55218245,2.35014197,0.96278877,1.3873532,0.06417453,0.06296593,0.30299346,0.47633139,0.7563995,bollinger_above_upper
