date,open,high,low,close,adjusted_close,volume,dividends,stock_splits,currency,provider_symbol,retrieved_at,source
2025-09-02,65.5199966430664,66.08999633789062,65.41999816894531,65.98999786376953,65.02910614013672,151800,0,0,USD,ABBNY,2026-07-26T19:02:00Z,yfinance
2025-09-03,66.3499984741211,66.79000091552734,66.2300033569336,66.4800033569336,65.51197814941406,160400,0,0,USD,ABBNY,2026-07-26T19:02:00Z,yfinance
2025-09-04,68.19000244140625,68.58000183105469,68.06999969482422,68.58000183105469,67.5813980102539,157300,0,0,USD,ABBNY,2026-07-26T19:02:00Z,yfinance
2025-09-05,69.51000213623047,69.66000366210938,68.86000061035156,69.05999755859375,68.05440521240234,128800,0,0,USD,ABBNY,2026-07-26T19:02:00Z,yfinance
2025-09-08,70.0999984741211,70.5,70.08000183105469,70.37000274658203,69.3453369140625,124400,0,0,USD,ABBNY,2026-07-26T19:02:00Z,yfinance
2025-09-09,70.2300033569336,70.33000183105469,69.80999755859375,70.1500015258789,69.1285400390625,163300,0,0,USD,ABBNY,2026-07-26T19:02:00Z,yfinance
2025-09-10,70.94000244140625,71.30000305175781,70.68000030517578,70.86000061035156,69.82820129394531,165700,0,0,USD,ABBNY,2026-07-26T19:02:00Z,yfinance
2025-09-11,71.22000122070312,71.68000030517578,71.06999969482422,71.3499984741211,70.31106567382812,114600,0,0,USD,ABBNY,2026-07-26T19:02:00Z,yfinance
2025-09-12,71.25,71.48999786376953,71.1500015258789,71.41999816894531,70.38004302978516,107700,0,0,USD,ABBNY,2026-07-26T19:02:00Z,yfinance
2025-09-15,71.11000061035156,71.44000244140625,70.9800033569336,71.4000015258789,70.36033630371094,237600,0,0,USD,ABBNY,2026-07-26T19:02:00Z,yfinance
2025-09-16,71.38999938964844,71.5,70.54000091552734,70.81999969482422,69.78878021240234,127500,0,0,USD,ABBNY,2026-07-26T19:02:00Z,yfinance
2025-09-17,70.5199966430664,70.62000274658203,69.87000274658203,69.91999816894531,68.90188598632812,218400,0,0,USD,ABBNY,2026-07-26T19:02:00Z,yfinance
2025-09-18,70.2300033569336,70.61000061035156,70,70.41000366210938,69.38475799560547,183100,0,0,USD,ABBNY,2026-07-26T19:02:00Z,yfinance
2025-09-19,70.62999725341797,70.76000213623047,70.2300033569336,70.66000366210938,69.63111877441406,129700,0,0,USD,ABBNY,2026-07-26T19:02:00Z,yfinance
2025-09-22,70.98999786376953,71.79000091552734,70.95999908447266,71.77999877929688,70.73480224609375,146500,0,0,USD,ABBNY,2026-07-26T19:02:00Z,yfinance
2025-09-23,72.12999725341797,72.30999755859375,71.62999725341797,71.81999969482422,70.77422332763672,160400,0,0,USD,ABBNY,2026-07-26T19:02:00Z,yfinance
2025-09-24,71.2699966430664,71.51000213623047,70.86000061035156,70.91999816894531,69.88732147216797,178900,0,0,USD,ABBNY,2026-07-26T19:02:00Z,yfinance
2025-09-25,70,70.54000091552734,69.83999633789062,70.52999877929688,69.50300598144531,170000,0,0,USD,ABBNY,2026-07-26T19:02:00Z,yfinance
2025-09-26,71.2300033569336,71.30000305175781,70.83000183105469,71.08999633789062,70.05484771728516,167700,0,0,USD,ABBNY,2026-07-26T19:02:00Z,yfinance
2025-09-29,71.69999694824219,71.94000244140625,71.41999816894531,71.61000061035156,70.56727600097656,133600,0,0,USD,ABBNY,2026-07-26T19:02:00Z,yfinance
2025-09-30,71.41000366210938,72.0999984741211,71.23999786376953,71.94999694824219,70.9023208618164,270400,0,0,USD,ABBNY,2026-07-26T19:02:00Z,yfinance
2025-10-01,71.80999755859375,72.47000122070312,71.68000030517578,72.38999938964844,71.33592224121094,189900,0,0,USD,ABBNY,2026-07-26T19:02:00Z,yfinance
2025-10-02,73.33999633789062,73.43000030517578,72.88999938964844,73.19000244140625,72.12427520751953,164200,0,0,USD,ABBNY,2026-07-26T19:02:00Z,yfinance
2025-10-03,73.88999938964844,73.9800033569336,73.37000274658203,73.55000305175781,72.47903442382812,169700,0,0,USD,ABBNY,2026-07-26T19:02:00Z,yfinance
2025-10-06,74,74.16999816894531,73.80000305175781,73.8499984741211,72.774658203125,170400,0,0,USD,ABBNY,2026-07-26T19:02:00Z,yfinance
2025-10-07,73.77999877929688,74.05999755859375,72.9800033569336,73.08999633789062,72.02572631835938,139900,0,0,USD,ABBNY,2026-07-26T19:02:00Z,yfinance
2025-10-08,73.0999984741211,73.80000305175781,72.58999633789062,73.44999694824219,72.38048553466797,219400,0,0,USD,ABBNY,2026-07-26T19:02:00Z,yfinance
2025-10-09,73.68000030517578,73.7300033569336,72.55000305175781,72.62000274658203,71.56257629394531,226900,0,0,USD,ABBNY,2026-07-26T19:02:00Z,yfinance
2025-10-10,73.08999633789062,73.37999725341797,71.93000030517578,71.98999786376953,70.94174194335938,310400,0,0,USD,ABBNY,2026-07-26T19:02:00Z,yfinance
2025-10-13,72.48999786376953,73.75,72.31999969482422,73.06999969482422,72.00601959228516,332700,0,0,USD,ABBNY,2026-07-26T19:02:00Z,yfinance
2025-10-14,72.54000091552734,73.4000015258789,72.27999877929688,73.11000061035156,72.04544067382812,242200,0,0,USD,ABBNY,2026-07-26T19:02:00Z,yfinance
2025-10-15,74.2699966430664,74.70999908447266,73.44000244140625,74.19000244140625,73.10971069335938,338300,0,0,USD,ABBNY,2026-07-26T19:02:00Z,yfinance
2025-10-16,74.08000183105469,74.72000122070312,73.62000274658203,74.25,73.16883850097656,320400,0,0,USD,ABBNY,2026-07-26T19:02:00Z,yfinance
2025-10-17,74,74.23999786376953,73.41999816894531,73.91000366210938,72.83379364013672,206400,0,0,USD,ABBNY,2026-07-26T19:02:00Z,yfinance
2025-10-20,74.02999877929688,74.66000366210938,73.8499984741211,74.58000183105469,73.49403381347656,145000,0,0,USD,ABBNY,2026-07-26T19:02:00Z,yfinance
2025-10-21,73.27999877929688,73.62000274658203,72.94999694824219,73.30000305175781,72.23267364501953,193100,0,0,USD,ABBNY,2026-07-26T19:02:00Z,yfinance
2025-10-22,73.58999633789062,73.66999816894531,71.93000030517578,72.26000213623047,71.20781707763672,163200,0,0,USD,ABBNY,2026-07-26T19:02:00Z,yfinance
2025-10-23,73.02999877929688,73.75,73.01000213623047,73.62999725341797,72.557861328125,158400,0,0,USD,ABBNY,2026-07-26T19:02:00Z,yfinance
2025-10-24,74.04000091552734,74.69999694824219,74,74.33000183105469,73.24767303466797,177600,0,0,USD,ABBNY,2026-07-26T19:02:00Z,yfinance
2025-10-27,74.43000030517578,74.63999938964844,74.31999969482422,74.5999984741211,73.51374053955078,140500,0,0,USD,ABBNY,2026-07-26T19:02:00Z,yfinance
2025-10-28,74.7300033569336,75.16000366210938,74.58000183105469,75.01000213623047,73.91777038574219,155000,0,0,USD,ABBNY,2026-07-26T19:02:00Z,yfinance
2025-10-29,74.4000015258789,74.94000244140625,74.05000305175781,74.4800033569336,73.39549255371094,322400,0,0,USD,ABBNY,2026-07-26T19:02:00Z,yfinance
2025-10-30,74.45999908447266,74.95999908447266,74.23999786376953,74.55000305175781,73.46446990966797,161400,0,0,USD,ABBNY,2026-07-26T19:02:00Z,yfinance
2025-10-31,74.52999877929688,74.58999633789062,74.08999633789062,74.16000366210938,73.08015441894531,170900,0,0,USD,ABBNY,2026-07-26T19:02:00Z,yfinance
2025-11-03,73.62999725341797,73.62999725341797,73.2699966430664,73.4800033569336,72.41004943847656,177700,0,0,USD,ABBNY,2026-07-26T19:02:00Z,yfinance
2025-11-04,71.7699966430664,72.18000030517578,71.44000244140625,71.48999786376953,70.44902038574219,283400,0,0,USD,ABBNY,2026-07-26T19:02:00Z,yfinance
2025-11-05,71.11000061035156,71.43000030517578,70.95999908447266,71.2300033569336,70.19281768798828,289000,0,0,USD,ABBNY,2026-07-26T19:02:00Z,yfinance
2025-11-06,70.27999877929688,70.41000366210938,69.75,70.04000091552734,69.0201416015625,276500,0,0,USD,ABBNY,2026-07-26T19:02:00Z,yfinance
2025-11-07,69.66000366210938,70.29000091552734,69.36000061035156,70.26000213623047,69.2369384765625,186100,0,0,USD,ABBNY,2026-07-26T19:02:00Z,yfinance
2025-11-10,70.94999694824219,71.06999969482422,70.36000061035156,70.86000061035156,69.82820129394531,241600,0,0,USD,ABBNY,2026-07-26T19:02:00Z,yfinance
2025-11-11,71.44999694824219,71.6500015258789,71.19000244140625,71.38999938964844,70.35047912597656,147900,0,0,USD,ABBNY,2026-07-26T19:02:00Z,yfinance
2025-11-12,71.9000015258789,72.16000366210938,71.80999755859375,71.93000030517578,70.88262176513672,169400,0,0,USD,ABBNY,2026-07-26T19:02:00Z,yfinance
2025-11-13,71.58000183105469,71.6500015258789,70.37000274658203,70.4800033569336,69.4537353515625,319100,0,0,USD,ABBNY,2026-07-26T19:02:00Z,yfinance
2025-11-14,70.27999877929688,71.08000183105469,70.2300033569336,70.73999786376953,69.70994567871094,155600,0,0,USD,ABBNY,2026-07-26T19:02:00Z,yfinance
2025-11-17,70.3499984741211,71.0199966430664,69.91999816894531,70.44000244140625,69.41431427001953,271200,0,0,USD,ABBNY,2026-07-26T19:02:00Z,yfinance
2025-11-18,68.27999877929688,68.5999984741211,67.31999969482422,67.76000213623047,66.7733383178711,335900,0,0,USD,ABBNY,2026-07-26T19:02:00Z,yfinance
2025-11-19,67.8499984741211,68.19000244140625,67.41999816894531,67.56999969482422,66.58610534667969,220600,0,0,USD,ABBNY,2026-07-26T19:02:00Z,yfinance
2025-11-20,69.37000274658203,69.69000244140625,67.55999755859375,67.55999755859375,66.57624816894531,270500,0,0,USD,ABBNY,2026-07-26T19:02:00Z,yfinance
2025-11-21,67.80999755859375,68.1500015258789,67.23999786376953,67.79000091552734,66.80290222167969,405800,0,0,USD,ABBNY,2026-07-26T19:02:00Z,yfinance
2025-11-24,68.72000122070312,69.0999984741211,68.55999755859375,68.55999755859375,67.56168365478516,244500,0,0,USD,ABBNY,2026-07-26T19:02:00Z,yfinance
2025-11-25,68.80999755859375,69.16999816894531,68.2300033569336,69.12999725341797,68.1233901977539,357800,0,0,USD,ABBNY,2026-07-26T19:02:00Z,yfinance
2025-11-26,69.94000244140625,70.80000305175781,69.91999816894531,70.38999938964844,69.36504364013672,220100,0,0,USD,ABBNY,2026-07-26T19:02:00Z,yfinance
2025-11-28,71.68000030517578,72.26000213623047,71.58000183105469,71.76000213623047,70.71509552001953,166700,0,0,USD,ABBNY,2026-07-26T19:02:00Z,yfinance
2025-12-01,71.43000030517578,71.68000030517578,70.69000244140625,70.69999694824219,69.67052459716797,226200,0,0,USD,ABBNY,2026-07-26T19:02:00Z,yfinance
2025-12-02,71.45999908447266,71.70999908447266,71.05000305175781,71.45999908447266,70.41946411132812,187900,0,0,USD,ABBNY,2026-07-26T19:02:00Z,yfinance
2025-12-03,71,71.45999908447266,70.58000183105469,71.45999908447266,70.41946411132812,207000,0,0,USD,ABBNY,2026-07-26T19:02:00Z,yfinance
2025-12-04,72.43000030517578,72.80999755859375,71.6500015258789,72.45999908447266,71.40489959716797,208600,0,0,USD,ABBNY,2026-07-26T19:02:00Z,yfinance
2025-12-05,73.23999786376953,73.27999877929688,72.66000366210938,72.87000274658203,71.8089370727539,150100,0,0,USD,ABBNY,2026-07-26T19:02:00Z,yfinance
2025-12-08,73.4000015258789,73.61000061035156,73.08000183105469,73.29000091552734,72.22281646728516,102600,0,0,USD,ABBNY,2026-07-26T19:02:00Z,yfinance
2025-12-09,72.58999633789062,72.93000030517578,72.44999694824219,72.5999984741211,71.54286193847656,211900,0,0,USD,ABBNY,2026-07-26T19:02:00Z,yfinance
2025-12-10,73.19000244140625,74,72.87999725341797,73.83000183105469,72.75495147705078,186300,0,0,USD,ABBNY,2026-07-26T19:02:00Z,yfinance
2025-12-11,74.29000091552734,74.33999633789062,73.75,73.88999938964844,72.81407928466797,261100,0,0,USD,ABBNY,2026-07-26T19:02:00Z,yfinance
2025-12-12,74.58999633789062,74.7300033569336,72.76000213623047,73.12000274658203,72.05529022216797,241600,0,0,USD,ABBNY,2026-07-26T19:02:00Z,yfinance
2025-12-15,73.73999786376953,74,73.45999908447266,73.76000213623047,72.68597412109375,232200,0,0,USD,ABBNY,2026-07-26T19:02:00Z,yfinance
2025-12-16,73.5,73.68000030517578,73.06999969482422,73.43000030517578,72.36077880859375,272300,0,0,USD,ABBNY,2026-07-26T19:02:00Z,yfinance
2025-12-17,72.80999755859375,73.0199966430664,71.44999694824219,71.56999969482422,70.52786254882812,179300,0,0,USD,ABBNY,2026-07-26T19:02:00Z,yfinance
2025-12-18,72.81999969482422,73.19000244140625,72.5199966430664,72.79000091552734,71.73009490966797,254200,0,0,USD,ABBNY,2026-07-26T19:02:00Z,yfinance
2025-12-19,73.13999938964844,73.91999816894531,73.13999938964844,73.44000244140625,72.37063598632812,205400,0,0,USD,ABBNY,2026-07-26T19:02:00Z,yfinance
2025-12-22,73.8499984741211,74.36000061035156,73.63999938964844,74.36000061035156,73.27723693847656,137900,0,0,USD,ABBNY,2026-07-26T19:02:00Z,yfinance
2025-12-23,74.5999984741211,75.18000030517578,74.54000091552734,75.16999816894531,74.075439453125,162000,0,0,USD,ABBNY,2026-07-26T19:02:00Z,yfinance
2025-12-24,73.3499984741211,76.4800033569336,73.3499984741211,74.9800033569336,73.88821411132812,80000,0,0,USD,ABBNY,2026-07-26T19:02:00Z,yfinance
2025-12-26,77,77,73.4000015258789,75.18000030517578,74.08529663085938,52500,0,0,USD,ABBNY,2026-07-26T19:02:00Z,yfinance
2025-12-29,74.30999755859375,75.08999633789062,74.30999755859375,74.75,73.66156005859375,107000,0,0,USD,ABBNY,2026-07-26T19:02:00Z,yfinance
2025-12-30,74.47000122070312,75.02999877929688,74.45999908447266,74.56999969482422,73.48417663574219,97200,0,0,USD,ABBNY,2026-07-26T19:02:00Z,yfinance
2025-12-31,75.05000305175781,75.05000305175781,73.97000122070312,73.97000122070312,72.89291381835938,109100,0,0,USD,ABBNY,2026-07-26T19:02:00Z,yfinance
2026-01-02,73.51000213623047,74.23999786376953,73.20999908447266,73.88999938964844,72.81407928466797,408800,0,0,USD,ABBNY,2026-07-26T19:02:00Z,yfinance
2026-01-05,76.04000091552734,77.5,75.98999786376953,77.16000366210938,76.03646850585938,326500,0,0,USD,ABBNY,2026-07-26T19:02:00Z,yfinance
2026-01-06,76.33000183105469,76.97000122070312,75.97000122070312,76.75,75.63243103027344,368900,0,0,USD,ABBNY,2026-07-26T19:02:00Z,yfinance
2026-01-07,76.95999908447266,77.04000091552734,76.31999969482422,76.45999908447266,75.3466567993164,255900,0,0,USD,ABBNY,2026-07-26T19:02:00Z,yfinance
2026-01-08,74.88999938964844,74.94000244140625,73.80000305175781,74.01000213623047,72.93233489990234,207500,0,0,USD,ABBNY,2026-07-26T19:02:00Z,yfinance
2026-01-09,74.87000274658203,75.29000091552734,74.4800033569336,75.25,74.1542739868164,310000,0,0,USD,ABBNY,2026-07-26T19:02:00Z,yfinance
2026-01-12,75.66000366210938,76.27999877929688,75.55000305175781,76.12000274658203,75.01161193847656,283500,0,0,USD,ABBNY,2026-07-26T19:02:00Z,yfinance
2026-01-13,75.86000061035156,76.23999786376953,75.44000244140625,75.94999694824219,74.84407806396484,323900,0,0,USD,ABBNY,2026-07-26T19:02:00Z,yfinance
2026-01-14,75.70999908447266,75.75,74.8499984741211,75.19999694824219,74.1050033569336,249500,0,0,USD,ABBNY,2026-07-26T19:02:00Z,yfinance
2026-01-15,76.43000030517578,77.01000213623047,76.19999694824219,76.36000061035156,75.24811553955078,165000,0,0,USD,ABBNY,2026-07-26T19:02:00Z,yfinance
2026-01-16,76.52999877929688,77,76.38999938964844,76.68000030517578,75.5634536743164,288000,0,0,USD,ABBNY,2026-07-26T19:02:00Z,yfinance
2026-01-20,75.30999755859375,75.93000030517578,75.0999984741211,75.16000366210938,74.06558990478516,239200,0,0,USD,ABBNY,2026-07-26T19:02:00Z,yfinance
2026-01-21,74.62000274658203,75.94000244140625,74.51000213623047,75.94000244140625,74.834228515625,229400,0,0,USD,ABBNY,2026-07-26T19:02:00Z,yfinance
2026-01-22,75.80000305175781,75.97000122070312,75.05000305175781,75.30000305175781,74.20355224609375,396500,0,0,USD,ABBNY,2026-07-26T19:02:00Z,yfinance
2026-01-23,75.4800033569336,76.44000244140625,75.13999938964844,76.44000244140625,75.32695007324219,148600,0,0,USD,ABBNY,2026-07-26T19:02:00Z,yfinance
2026-01-26,77.30000305175781,77.93000030517578,77.23999786376953,77.75,76.61787414550781,152500,0,0,USD,ABBNY,2026-07-26T19:02:00Z,yfinance
2026-01-27,79.7300033569336,80.66999816894531,79.7300033569336,80.5199966430664,79.3475341796875,273700,0,0,USD,ABBNY,2026-07-26T19:02:00Z,yfinance
2026-01-28,79.75,79.91999816894531,79.20999908447266,79.20999908447266,78.05661010742188,442600,0,0,USD,ABBNY,2026-07-26T19:02:00Z,yfinance
2026-01-29,88.41000366210938,88.66999816894531,85.29000091552734,87.48999786376953,86.21604919433594,346500,0,0,USD,ABBNY,2026-07-26T19:02:00Z,yfinance
2026-01-30,86.48999786376953,87.05999755859375,85.8499984741211,86.20999908447266,84.9546890258789,337900,0,0,USD,ABBNY,2026-07-26T19:02:00Z,yfinance
2026-02-02,85.94000244140625,87.12999725341797,85.94000244140625,86.93000030517578,85.66419982910156,179900,0,0,USD,ABBNY,2026-07-26T19:02:00Z,yfinance
2026-02-03,86.3499984741211,88.12999725341797,86.13999938964844,87.51000213623047,86.23575592041016,1054700,0,0,USD,ABBNY,2026-07-26T19:02:00Z,yfinance
2026-02-04,88.12000274658203,88.3499984741211,85.58000183105469,85.91999816894531,84.66890716552734,435300,0,0,USD,ABBNY,2026-07-26T19:02:00Z,yfinance
2026-02-05,85,86.05000305175781,84.5999984741211,85.20999908447266,83.96924591064453,837200,0,0,USD,ABBNY,2026-07-26T19:02:00Z,yfinance
2026-02-06,85.63999938964844,86.7300033569336,85.55000305175781,86.7300033569336,85.46711730957031,954300,0,0,USD,ABBNY,2026-07-26T19:02:00Z,yfinance
2026-02-09,88.26000213623047,89.5999984741211,88.0999984741211,89.55000305175781,88.24605560302734,294200,0,0,USD,ABBNY,2026-07-26T19:02:00Z,yfinance
2026-02-10,89.68000030517578,89.83999633789062,88.83000183105469,89.04000091552734,87.74347686767578,529800,0,0,USD,ABBNY,2026-07-26T19:02:00Z,yfinance
2026-02-11,90.1500015258789,90.5999984741211,89.33999633789062,90.30999755859375,88.99497985839844,584800,0,0,USD,ABBNY,2026-07-26T19:02:00Z,yfinance
2026-02-12,91.23999786376953,91.66999816894531,89.91000366210938,90.26000213623047,88.94571685791016,280600,0,0,USD,ABBNY,2026-07-26T19:02:00Z,yfinance
2026-02-13,90.16999816894531,91.48999786376953,89.72000122070312,91,89.67494201660156,262900,0,0,USD,ABBNY,2026-07-26T19:02:00Z,yfinance
2026-02-17,89.61000061035156,90.98999786376953,89.52999877929688,90.51000213623047,89.19207763671875,229400,0,0,USD,ABBNY,2026-07-26T19:02:00Z,yfinance
2026-02-18,91.04000091552734,91.62000274658203,90.45999908447266,90.87999725341797,89.55668640136719,313000,0,0,USD,ABBNY,2026-07-26T19:02:00Z,yfinance
2026-02-19,89.91000366210938,90.43000030517578,89.69000244140625,89.91000366210938,88.60081481933594,326600,0,0,USD,ABBNY,2026-07-26T19:02:00Z,yfinance
2026-02-20,89.83000183105469,91.25,89.83000183105469,90.55999755859375,89.24134063720703,221700,0,0,USD,ABBNY,2026-07-26T19:02:00Z,yfinance
2026-02-23,90.23999786376953,90.48999786376953,89.5,89.91000366210938,88.60081481933594,329900,0,0,USD,ABBNY,2026-07-26T19:02:00Z,yfinance
2026-02-24,90.76000213623047,91.69000244140625,90.41999816894531,91.33999633789062,90.0099868774414,644500,0,0,USD,ABBNY,2026-07-26T19:02:00Z,yfinance
2026-02-25,92.7300033569336,92.83000183105469,91.77999877929688,91.87000274658203,90.53227233886719,331200,0,0,USD,ABBNY,2026-07-26T19:02:00Z,yfinance
2026-02-26,92.41000366210938,92.44999694824219,90.66000366210938,91.5999984741211,90.26619720458984,767600,0,0,USD,ABBNY,2026-07-26T19:02:00Z,yfinance
2026-02-27,92.7699966430664,93.4000015258789,92.13999938964844,92.79000091552734,91.43887329101562,408400,0,0,USD,ABBNY,2026-07-26T19:02:00Z,yfinance
2026-03-02,89.91999816894531,90.69999694824219,89.66000366210938,89.94999694824219,88.64022827148438,469200,0,0,USD,ABBNY,2026-07-26T19:02:00Z,yfinance
2026-03-03,85.70999908447266,86.83999633789062,84.69000244140625,86.33999633789062,85.0827865600586,327900,0,0,USD,ABBNY,2026-07-26T19:02:00Z,yfinance
2026-03-04,87.5999984741211,87.9000015258789,86.79000091552734,87.47000122070312,86.19634246826172,284600,0,0,USD,ABBNY,2026-07-26T19:02:00Z,yfinance
2026-03-05,85.95999908447266,86.75,84.16000366210938,85.06999969482422,83.83128356933594,277300,0,0,USD,ABBNY,2026-07-26T19:02:00Z,yfinance
2026-03-06,83.43000030517578,85.38999938964844,83.30000305175781,84.7300033569336,83.4962387084961,361500,0,0,USD,ABBNY,2026-07-26T19:02:00Z,yfinance
2026-03-09,81.62000274658203,85.55999755859375,81.19999694824219,84.9800033569336,83.74259948730469,486300,0,0,USD,ABBNY,2026-07-26T19:02:00Z,yfinance
2026-03-10,87.08000183105469,88.33000183105469,86.41000366210938,86.75,85.48682403564453,198100,0,0,USD,ABBNY,2026-07-26T19:02:00Z,yfinance
2026-03-11,85.80000305175781,87.08999633789062,85.73999786376953,86.91000366210938,85.64450073242188,155800,0,0,USD,ABBNY,2026-07-26T19:02:00Z,yfinance
2026-03-12,86.37999725341797,86.5999984741211,84.80000305175781,85.87999725341797,84.62948608398438,225500,0,0,USD,ABBNY,2026-07-26T19:02:00Z,yfinance
2026-03-13,85.8499984741211,86.4000015258789,83.23999786376953,83.4000015258789,82.18560791015625,292400,0,0,USD,ABBNY,2026-07-26T19:02:00Z,yfinance
2026-03-16,84.41999816894531,84.9800033569336,83.7699966430664,84.4800033569336,83.2498779296875,302500,0,0,USD,ABBNY,2026-07-26T19:02:00Z,yfinance
2026-03-17,85.16999816894531,85.16999816894531,84.2699966430664,84.75,83.51594543457031,204700,0,0,USD,ABBNY,2026-07-26T19:02:00Z,yfinance
2026-03-18,85.5999984741211,86.02999877929688,84.0199966430664,84.0199966430664,82.79656982421875,435800,0,0,USD,ABBNY,2026-07-26T19:02:00Z,yfinance
2026-03-19,82.80000305175781,84.58000183105469,80.56999969482422,83.45999908447266,82.2447280883789,305200,0,0,USD,ABBNY,2026-07-26T19:02:00Z,yfinance
2026-03-20,82.98999786376953,83.36000061035156,80.83000183105469,81.36000061035156,80.17530822753906,208100,0,0,USD,ABBNY,2026-07-26T19:02:00Z,yfinance
2026-03-23,82.95999908447266,84.69999694824219,81.44000244140625,83.51000213623047,82.29400634765625,278700,0,0,USD,ABBNY,2026-07-26T19:02:00Z,yfinance
2026-03-24,79.77999877929688,82.79000091552734,79.7699966430664,82.37000274658203,82.37000274658203,331600,1.216,0,USD,ABBNY,2026-07-26T19:02:00Z,yfinance
2026-03-25,85.33000183105469,85.33000183105469,83.81999969482422,84.4000015258789,84.4000015258789,205700,0,0,USD,ABBNY,2026-07-26T19:02:00Z,yfinance
2026-03-26,81.9000015258789,83.83000183105469,80.36000061035156,80.48999786376953,80.48999786376953,215800,0,0,USD,ABBNY,2026-07-26T19:02:00Z,yfinance
2026-03-27,78.37000274658203,79.56999969482422,77.93000030517578,78.31999969482422,78.31999969482422,481000,0,0,USD,ABBNY,2026-07-26T19:02:00Z,yfinance
2026-03-30,79.05000305175781,79.08000183105469,76.5,77.06999969482422,77.06999969482422,345200,0,0,USD,ABBNY,2026-07-26T19:02:00Z,yfinance
2026-03-31,79.2300033569336,80.6500015258789,78.55999755859375,80.4800033569336,80.4800033569336,311900,0,0,USD,ABBNY,2026-07-26T19:02:00Z,yfinance
2026-04-01,82.80999755859375,83.83999633789062,82.68000030517578,83.33999633789062,83.33999633789062,229400,0,0,USD,ABBNY,2026-07-26T19:02:00Z,yfinance
2026-04-02,80.81999969482422,82.73999786376953,80.62000274658203,82.20999908447266,82.20999908447266,170100,0,0,USD,ABBNY,2026-07-26T19:02:00Z,yfinance
2026-04-06,81.54000091552734,83.23999786376953,80.1500015258789,82.86000061035156,82.86000061035156,207600,0,0,USD,ABBNY,2026-07-26T19:02:00Z,yfinance
2026-04-07,81.8499984741211,82.7300033569336,80.72000122070312,82.51000213623047,82.51000213623047,207800,0,0,USD,ABBNY,2026-07-26T19:02:00Z,yfinance
2026-04-08,89.27999877929688,89.30000305175781,88.27999877929688,89.19999694824219,89.19999694824219,210100,0,0,USD,ABBNY,2026-07-26T19:02:00Z,yfinance
2026-04-09,89.12000274658203,90.62000274658203,88.91000366210938,90,90,273900,0,0,USD,ABBNY,2026-07-26T19:02:00Z,yfinance
2026-04-10,91.23999786376953,91.58000183105469,89.43000030517578,90.58999633789062,90.58999633789062,341700,0,0,USD,ABBNY,2026-07-26T19:02:00Z,yfinance
2026-04-13,90.20999908447266,91.73999786376953,90.19999694824219,91.66999816894531,91.66999816894531,199200,0,0,USD,ABBNY,2026-07-26T19:02:00Z,yfinance
2026-04-14,92.44999694824219,92.72000122070312,92.0199966430664,92.5199966430664,92.5199966430664,195400,0,0,USD,ABBNY,2026-07-26T19:02:00Z,yfinance
2026-04-15,92.55999755859375,92.95999908447266,91.88999938964844,92.72000122070312,92.72000122070312,215300,0,0,USD,ABBNY,2026-07-26T19:02:00Z,yfinance
2026-04-16,93,93.01000213623047,91.7699966430664,92.47000122070312,92.47000122070312,183500,0,0,USD,ABBNY,2026-07-26T19:02:00Z,yfinance
2026-04-17,95.47000122070312,97.16999816894531,95.22000122070312,96.29000091552734,96.29000091552734,236500,0,0,USD,ABBNY,2026-07-26T19:02:00Z,yfinance
2026-04-20,95.58999633789062,95.69000244140625,94.5,95.6500015258789,95.6500015258789,199000,0,0,USD,ABBNY,2026-07-26T19:02:00Z,yfinance
2026-04-21,94.83000183105469,95.75,93.02999877929688,93.86000061035156,93.86000061035156,255800,0,0,USD,ABBNY,2026-07-26T19:02:00Z,yfinance
2026-04-22,97.83000183105469,98.41999816894531,97.4000015258789,97.8499984741211,97.8499984741211,191700,0,0,USD,ABBNY,2026-07-26T19:02:00Z,yfinance
2026-04-23,99.06999969482422,100.22000122070312,96.9000015258789,98.56999969482422,98.56999969482422,253000,0,0,USD,ABBNY,2026-07-26T19:02:00Z,yfinance
2026-04-24,98.36000061035156,99.9000015258789,98.12999725341797,99.41000366210938,99.41000366210938,247400,0,0,USD,ABBNY,2026-07-26T19:02:00Z,yfinance
2026-04-27,99.1500015258789,99.43000030517578,98.2300033569336,99,99,198300,0,0,USD,ABBNY,2026-07-26T19:02:00Z,yfinance
2026-04-28,97.33000183105469,97.54000091552734,96.19999694824219,96.48999786376953,96.48999786376953,403000,0,0,USD,ABBNY,2026-07-26T19:02:00Z,yfinance
2026-04-29,96.75,97.2699966430664,96.19999694824219,96.68000030517578,96.68000030517578,302200,0,0,USD,ABBNY,2026-07-26T19:02:00Z,yfinance
2026-04-30,99.63999938964844,100.94999694824219,99.13999938964844,100.45999908447266,100.45999908447266,201200,0,0,USD,ABBNY,2026-07-26T19:02:00Z,yfinance
2026-05-01,100.54000091552734,101.98999786376953,99.69000244140625,101,101,153100,0,0,USD,ABBNY,2026-07-26T19:02:00Z,yfinance
2026-05-04,100.5199966430664,101.12000274658203,98.9000015258789,99.6500015258789,99.6500015258789,270100,0,0,USD,ABBNY,2026-07-26T19:02:00Z,yfinance
2026-05-05,102.0999984741211,103.30999755859375,102.04000091552734,102.91999816894531,102.91999816894531,227200,0,0,USD,ABBNY,2026-07-26T19:02:00Z,yfinance
2026-05-06,105.54000091552734,106,104.77999877929688,105.9800033569336,105.9800033569336,325100,0,0,USD,ABBNY,2026-07-26T19:02:00Z,yfinance
2026-05-07,106.18000030517578,106.19999694824219,102.55000305175781,103.08000183105469,103.08000183105469,487800,0,0,USD,ABBNY,2026-07-26T19:02:00Z,yfinance
2026-05-08,105.30999755859375,106.62999725341797,105.12000274658203,106.5,106.5,516800,0,0,USD,ABBNY,2026-07-26T19:02:00Z,yfinance
2026-05-11,106.36000061035156,107.83999633789062,106.30000305175781,107.75,107.75,480400,0,0,USD,ABBNY,2026-07-26T19:02:00Z,yfinance
2026-05-12,105.62000274658203,105.62999725341797,103.37000274658203,104.37999725341797,104.37999725341797,265400,0,0,USD,ABBNY,2026-07-26T19:02:00Z,yfinance
2026-05-13,105.44999694824219,106.98999786376953,105.2300033569336,106.43000030517578,106.43000030517578,182600,0,0,USD,ABBNY,2026-07-26T19:02:00Z,yfinance
2026-05-14,106.80000305175781,107.66000366210938,106.43000030517578,107.01000213623047,107.01000213623047,133800,0,0,USD,ABBNY,2026-07-26T19:02:00Z,yfinance
2026-05-15,102.86000061035156,104.4000015258789,102.69999694824219,103.91000366210938,103.91000366210938,247300,0,0,USD,ABBNY,2026-07-26T19:02:00Z,yfinance
2026-05-18,105.23999786376953,105.23999786376953,102.06999969482422,103.6500015258789,103.6500015258789,221700,0,0,USD,ABBNY,2026-07-26T19:02:00Z,yfinance
2026-05-19,101.04000091552734,101.52999877929688,99.79000091552734,100.6500015258789,100.6500015258789,185800,0,0,USD,ABBNY,2026-07-26T19:02:00Z,yfinance
2026-05-20,102.27999877929688,104.5,101.9000015258789,103.66999816894531,103.66999816894531,239700,0,0,USD,ABBNY,2026-07-26T19:02:00Z,yfinance
2026-05-21,103.23999786376953,105.58999633789062,103.12000274658203,105.41000366210938,105.41000366210938,465200,0,0,USD,ABBNY,2026-07-26T19:02:00Z,yfinance
2026-05-22,106.87000274658203,106.98999786376953,105.95999908447266,106.4000015258789,106.4000015258789,183500,0,0,USD,ABBNY,2026-07-26T19:02:00Z,yfinance
2026-05-26,107.69999694824219,108.63999938964844,107.69999694824219,108.37000274658203,108.37000274658203,214200,0,0,USD,ABBNY,2026-07-26T19:02:00Z,yfinance
2026-05-27,106.5,106.83000183105469,105.16000366210938,106.19999694824219,106.19999694824219,202600,0,0,USD,ABBNY,2026-07-26T19:02:00Z,yfinance
2026-05-28,106.37000274658203,107.06999969482422,105.01000213623047,106.37000274658203,106.37000274658203,294700,0,0,USD,ABBNY,2026-07-26T19:02:00Z,yfinance
2026-05-29,107.18000030517578,107.83000183105469,106.23999786376953,106.73999786376953,106.73999786376953,250500,0,0,USD,ABBNY,2026-07-26T19:02:00Z,yfinance
2026-06-01,105.16000366210938,107.16999816894531,105.04000091552734,106.8499984741211,106.8499984741211,403200,0,0,USD,ABBNY,2026-07-26T19:02:00Z,yfinance
2026-06-02,108.97000122070312,110.19999694824219,108.76000213623047,108.94999694824219,108.94999694824219,253300,0,0,USD,ABBNY,2026-07-26T19:02:00Z,yfinance
2026-06-03,108.56999969482422,108.61000061035156,107.37000274658203,107.79000091552734,107.79000091552734,218400,0,0,USD,ABBNY,2026-07-26T19:02:00Z,yfinance
2026-06-04,106.93000030517578,107.87999725341797,106.22000122070312,107.41999816894531,107.41999816894531,177300,0,0,USD,ABBNY,2026-07-26T19:02:00Z,yfinance
2026-06-05,105.4000015258789,105.54000091552734,101,101.5,101.5,576000,0,0,USD,ABBNY,2026-07-26T19:02:00Z,yfinance
2026-06-08,103.87999725341797,104.0999984741211,102.88999938964844,103.36000061035156,103.36000061035156,574400,0,0,USD,ABBNY,2026-07-26T19:02:00Z,yfinance
2026-06-09,104.58000183105469,105.36000061035156,98.58999633789062,101.12000274658203,101.12000274658203,368800,0,0,USD,ABBNY,2026-07-26T19:02:00Z,yfinance
2026-06-10,100.7300033569336,101.44999694824219,98.48999786376953,98.5,98.5,502500,0,0,USD,ABBNY,2026-07-26T19:02:00Z,yfinance
2026-06-11,101.8499984741211,104.9000015258789,101.08000183105469,104.44999694824219,104.44999694824219,996200,0,0,USD,ABBNY,2026-07-26T19:02:00Z,yfinance
2026-06-12,102.4000015258789,102.87000274658203,101.73999786376953,102.16999816894531,102.16999816894531,715000,0,0,USD,ABBNY,2026-07-26T19:02:00Z,yfinance
2026-06-15,104.91000366210938,105,103.52999877929688,103.9000015258789,103.9000015258789,560800,0,0,USD,ABBNY,2026-07-26T19:02:00Z,yfinance
2026-06-16,105.83999633789062,106.16000366210938,104.97000122070312,105.44000244140625,105.44000244140625,453900,0,0,USD,ABBNY,2026-07-26T19:02:00Z,yfinance
2026-06-17,107.62000274658203,107.94000244140625,105.4000015258789,105.63999938964844,105.63999938964844,559300,0,0,USD,ABBNY,2026-07-26T19:02:00Z,yfinance
2026-06-18,108.1500015258789,109,107.83000183105469,108.47000122070312,108.47000122070312,673400,0,0,USD,ABBNY,2026-07-26T19:02:00Z,yfinance
2026-06-22,109.5199966430664,110.05000305175781,108.87999725341797,109.7300033569336,109.7300033569336,618400,0,0,USD,ABBNY,2026-07-26T19:02:00Z,yfinance
2026-06-23,105.80999755859375,106.66999816894531,105.66000366210938,105.97000122070312,105.97000122070312,487100,0,0,USD,ABBNY,2026-07-26T19:02:00Z,yfinance
2026-06-24,105.30999755859375,106.80000305175781,104.79000091552734,105.83999633789062,105.83999633789062,451900,0,0,USD,ABBNY,2026-07-26T19:02:00Z,yfinance
2026-06-25,107.58999633789062,107.81999969482422,105.7699966430664,106.91999816894531,106.91999816894531,996100,0,0,USD,ABBNY,2026-07-26T19:02:00Z,yfinance
2026-06-26,105.16999816894531,105.6500015258789,103.86000061035156,103.9000015258789,103.9000015258789,628700,0,0,USD,ABBNY,2026-07-26T19:02:00Z,yfinance
2026-06-29,104.30999755859375,106.27999877929688,103.88999938964844,105.91000366210938,105.91000366210938,753100,0,0,USD,ABBNY,2026-07-26T19:02:00Z,yfinance
2026-06-30,107.12999725341797,108.98999786376953,107.12000274658203,108.69999694824219,108.69999694824219,200900,0,0,USD,ABBNY,2026-07-26T19:02:00Z,yfinance
2026-07-01,106.55000305175781,107.37000274658203,105.12000274658203,105.61000061035156,105.61000061035156,291400,0,0,USD,ABBNY,2026-07-26T19:02:00Z,yfinance
2026-07-02,106.9000015258789,107.8499984741211,104.69000244140625,105.91000366210938,105.91000366210938,253800,0,0,USD,ABBNY,2026-07-26T19:02:00Z,yfinance
2026-07-06,105.61000061035156,108.02999877929688,105.61000061035156,107.6500015258789,107.6500015258789,383900,0,0,USD,ABBNY,2026-07-26T19:02:00Z,yfinance
2026-07-07,104.20999908447266,104.47000122070312,102.77999877929688,102.95999908447266,102.95999908447266,339000,0,0,USD,ABBNY,2026-07-26T19:02:00Z,yfinance
2026-07-08,102.02999877929688,103.30000305175781,101.45999908447266,103.30000305175781,103.30000305175781,394700,0,0,USD,ABBNY,2026-07-26T19:02:00Z,yfinance
2026-07-09,105.91999816894531,105.9800033569336,104.72000122070312,105.04000091552734,105.04000091552734,802200,0,0,USD,ABBNY,2026-07-26T19:02:00Z,yfinance
2026-07-10,103.83999633789062,103.97000122070312,102.95999908447266,103.30999755859375,103.30999755859375,392100,0,0,USD,ABBNY,2026-07-26T19:02:00Z,yfinance
2026-07-13,103.55999755859375,103.5999984741211,101.19000244140625,101.61000061035156,101.61000061035156,428900,0,0,USD,ABBNY,2026-07-26T19:02:00Z,yfinance
2026-07-14,105.3499984741211,105.9800033569336,103.44999694824219,103.95999908447266,103.95999908447266,1139500,0,0,USD,ABBNY,2026-07-26T19:02:00Z,yfinance
2026-07-15,104.91000366210938,104.98999786376953,101.55999755859375,103.47000122070312,103.47000122070312,982200,0,0,USD,ABBNY,2026-07-26T19:02:00Z,yfinance
2026-07-16,97.87999725341797,98.94000244140625,95.91000366210938,96.61000061035156,96.61000061035156,1046200,0,0,USD,ABBNY,2026-07-26T19:02:00Z,yfinance
2026-07-17,96.91999816894531,98.5999984741211,96.2699966430664,98.29000091552734,98.29000091552734,260400,0,0,USD,ABBNY,2026-07-26T19:02:00Z,yfinance
2026-07-20,98.75,98.91999816894531,97.12000274658203,97.29000091552734,97.29000091552734,140300,0,0,USD,ABBNY,2026-07-26T19:02:00Z,yfinance
2026-07-21,99.01000213623047,99.80999755859375,98.58000183105469,99.80000305175781,99.80000305175781,170600,0,0,USD,ABBNY,2026-07-26T19:02:00Z,yfinance
2026-07-22,98.9800033569336,99.87000274658203,98.80000305175781,98.87000274658203,98.87000274658203,158200,0,0,USD,ABBNY,2026-07-26T19:02:00Z,yfinance
2026-07-23,97.38999938964844,98.66999816894531,97.36000061035156,97.79000091552734,97.79000091552734,212700,0,0,USD,ABBNY,2026-07-26T19:02:00Z,yfinance
2026-07-24,98.38999938964844,98.43000030517578,96.01000213623047,96.36000061035156,96.36000061035156,1047500,0,0,USD,ABBNY,2026-07-30T00:16:50Z,yfinance
2026-07-27,97.86000061035156,97.88999938964844,96,96.97000122070312,96.97000122070312,930300,0,0,USD,ABBNY,2026-07-28T09:44:43Z,yfinance
2026-07-28,94.31999969482422,95.08000183105469,93.51000213623047,94.69999694824219,94.69999694824219,241500,0,0,USD,ABBNY,2026-07-30T00:16:50Z,yfinance
2026-07-29,94.16999816894531,94.77999877929688,91.91000366210938,92.13999938964844,92.13999938964844,466000,0,0,USD,ABBNY,2026-07-30T04:41:08Z,yfinance
2026-07-30,96.62000274658203,98.31999969482422,96.5199966430664,98.2300033569336,98.2300033569336,192400,0,0,USD,ABBNY,2026-07-31T07:45:55Z,yfinance
2026-07-31,99.25,99.44000244140625,97.44000244140625,98.62000274658203,98.62000274658203,187900,0,0,USD,ABBNY,2026-08-01T09:07:38Z,yfinance
2026-08-03,96.81999969482422,99.22000122070312,96.29000091552734,99.12000274658203,99.12000274658203,145700,0,0,USD,ABBNY,2026-08-05T06:59:21Z,yfinance
2026-08-04,101.44000244140625,101.66999816894531,100.58999633789062,101.56999969482422,101.56999969482422,157000,0,0,USD,ABBNY,2026-08-05T06:59:21Z,yfinance
2026-08-05,101.37000274658203,102.16999816894531,101.05999755859375,101.80000305175781,101.80000305175781,143100,0,0,USD,ABBNY,2026-08-06T09:50:05Z,yfinance
2026-08-06,101.30000305175781,102.43000030517578,100.70999908447266,100.93000030517578,100.93000030517578,236300,0,0,USD,ABBNY,2026-08-07T08:54:30Z,yfinance
2026-08-07,101.91999816894531,102.26000213623047,100.33999633789062,100.86000061035156,100.86000061035156,206700,0,0,USD,ABBNY,2026-08-08T11:01:36Z,yfinance
2026-08-10,102.27999877929688,102.3499984741211,100.61000061035156,100.6500015258789,100.6500015258789,156100,0,0,USD,ABBNY,2026-08-11T07:58:31Z,yfinance
2026-08-11,101.9800033569336,102.63999938964844,101.29000091552734,101.66999816894531,101.66999816894531,143700,0,0,USD,ABBNY,2026-08-12T08:48:52Z,yfinance
2026-08-12,103.93000030517578,104,102.5199966430664,102.55999755859375,102.55999755859375,154300,0,0,USD,ABBNY,2026-08-13T09:26:42Z,yfinance
2026-08-13,102.62999725341797,102.94999694824219,102.12999725341797,102.19999694824219,102.19999694824219,155300,0,0,USD,ABBNY,2026-08-15T10:33:10Z,yfinance
2026-08-14,101.86000061035156,102.87000274658203,101.69000244140625,101.94999694824219,101.94999694824219,77200,0,0,USD,ABBNY,2026-08-15T10:33:10Z,yfinance
2026-08-17,102.80000305175781,103.16000366210938,102.06999969482422,102.13999938964844,102.13999938964844,348000,0,0,USD,ABBNY,2026-08-18T20:11:34Z,yfinance
2026-08-18,99.63999938964844,99.91000366210938,98.58999633789062,99.01000213623047,99.01000213623047,215000,0,0,USD,ABBNY,2026-08-19T09:08:06Z,yfinance
2026-08-19,100.8499984741211,101.02999877929688,99.44000244140625,101.01000213623047,101.01000213623047,363400,0,0,USD,ABBNY,2026-08-20T07:49:13Z,yfinance
2026-08-20,99.95999908447266,100.11000061035156,98.9000015258789,99.47000122070312,99.47000122070312,206700,0,0,USD,ABBNY,2026-08-21T15:34:00Z,yfinance
2026-08-21,101.0999984741211,101.13999938964844,99.83000183105469,100.18000030517578,100.18000030517578,122400,0,0,USD,ABBNY,2026-08-22T15:21:22Z,yfinance
2026-08-24,98.05000305175781,98.08000183105469,96.87000274658203,97.0199966430664,97.0199966430664,211200,0,0,USD,ABBNY,2026-08-25T15:44:02Z,yfinance
2026-08-25,99.52999877929688,99.76000213623047,98.93000030517578,99.19000244140625,99.19000244140625,121000,0,0,USD,ABBNY,2026-08-26T16:19:41Z,yfinance
2026-08-26,98.9000015258789,99.25,98.51000213623047,98.94000244140625,98.94000244140625,129600,0,0,USD,ABBNY,2026-08-28T18:32:54Z,yfinance
2026-08-27,99.5199966430664,99.55999755859375,98.22000122070312,98.75,98.75,128600,0,0,USD,ABBNY,2026-08-28T18:32:54Z,yfinance
2026-08-28,100.11000061035156,100.18000030517578,98.0999984741211,98.45999908447266,98.45999908447266,175700,0,0,USD,ABBNY,2026-09-01T18:13:42Z,yfinance
2026-08-31,98.36000061035156,98.63999938964844,97.19000244140625,97.44999694824219,97.44999694824219,205300,0,0,USD,ABBNY,2026-09-01T06:36:54Z,yfinance
2026-09-01,96.6500015258789,96.80000305175781,95.18000030517578,95.4800033569336,95.4800033569336,220700,0,0,USD,ABBNY,2026-09-02T14:26:30Z,yfinance
